{
  "test_loss": 1.4661687540431176,
  "test_accuracy": 0.5176767676767676,
  "test_macro_f1": 0.3733885678497364,
  "quadratic_weighted_kappa": 0.4877457186262776,
  "auc_per_grade": {
    "grade_0": 0.7757930885477567,
    "grade_1": 0.5874485688729875,
    "grade_2": 0.7024194856059471,
    "grade_3": 0.8764087152516906,
    "grade_4": 0.9555637164891664
  },
  "macro_auc": 0.7799011661653965
}