{
  "train_loss": [
    9.985797213900621,
    7.55948238767636,
    6.140068322989591,
    5.2317189259134285,
    4.496731096012577,
    4.110196660278709,
    3.46658126108206,
    3.0799385385148845,
    2.8445281101639863,
    2.5695868821660426,
    2.337582142489731,
    2.197163716622978,
    2.048318298379327,
    1.848860099057483,
    1.8392274915033084,
    1.6551292557625255,
    1.566545063902618,
    1.4431227551903694,
    1.3993306034689497,
    1.2715168190989525,
    1.2233431555662946,
    1.1057303682634025,
    1.1023889016953243,
    1.033647525082728,
    0.9393471371216379,
    0.9530227201379788,
    0.8911803917140718,
    0.8575278241543254,
    0.8269061144370182,
    0.8006860351866218,
    0.7492382628902509,
    0.7322731485032732,
    0.7174394855833357,
    0.6647856531629137,
    0.6176908258230064,
    0.6170904653467191,
    0.5819719645437921,
    0.5563441288129539,
    0.5506099499524779,
    0.5468739903751453,
    0.5059770565883369,
    0.4836698146952186,
    0.4898207650822439,
    0.47661906215035993,
    0.4404846977466231,
    0.41747645620897317,
    0.3850092876014436,
    0.4006718818549138,
    0.36151079164378963,
    0.36432353630187403,
    0.34508618451417633,
    0.34388822608977365,
    0.3274880117576593,
    0.30757271114048684
  ],
  "train_acc": [
    0.2272,
    0.266,
    0.3006,
    0.3284,
    0.3424,
    0.3638,
    0.403,
    0.4388,
    0.4628,
    0.4822,
    0.516,
    0.527,
    0.5474,
    0.5602,
    0.5616,
    0.5838,
    0.5996,
    0.6116,
    0.6152,
    0.6308,
    0.6368,
    0.6592,
    0.667,
    0.6794,
    0.6866,
    0.6882,
    0.7006,
    0.7078,
    0.7128,
    0.7192,
    0.7334,
    0.7362,
    0.7396,
    0.7542,
    0.7642,
    0.776,
    0.7762,
    0.7906,
    0.7846,
    0.792,
    0.806,
    0.8168,
    0.812,
    0.8116,
    0.8296,
    0.8332,
    0.8454,
    0.8362,
    0.855,
    0.8576,
    0.8658,
    0.869,
    0.8728,
    0.8862
  ],
  "train_f1": [
    0.22696492236617366,
    0.266104902744272,
    0.3007413387923027,
    0.3278032854676037,
    0.34224112994627276,
    0.3623463175376512,
    0.4001243200811908,
    0.4362816723950059,
    0.4602985630163655,
    0.47935297888186756,
    0.5136505579283313,
    0.5240341654262238,
    0.5445643276373731,
    0.5594096096132888,
    0.5581152767454612,
    0.5808336520890818,
    0.5965402752114866,
    0.6086202581839352,
    0.6130698267513932,
    0.6280588111358044,
    0.6355588027849048,
    0.6564665867651168,
    0.6644745700384617,
    0.6762474351309458,
    0.6836528510139617,
    0.6857477091274247,
    0.6977882878928955,
    0.706041874854277,
    0.7101754453576891,
    0.7168163973611534,
    0.7312793877456483,
    0.7346200600420056,
    0.7371946575414495,
    0.7522337639228807,
    0.7629248408561163,
    0.7747068416634855,
    0.7752412973141363,
    0.7892035824980759,
    0.782889097633143,
    0.7899658867471009,
    0.8053493566653034,
    0.8159079903546906,
    0.8110717046287703,
    0.8107784655070427,
    0.8291404829846775,
    0.8324011636845083,
    0.8448825423548769,
    0.8351073509744456,
    0.8550326705370302,
    0.8568328344973954,
    0.8653666006628203,
    0.8683135374722835,
    0.8729094563008,
    0.8858509145185565
  ],
  "val_loss": [
    5.198918978879406,
    4.364682978125894,
    3.486205239204844,
    3.1937783478171964,
    2.773359054213117,
    2.6809206418930347,
    2.6388074987253565,
    2.4384190762878224,
    2.256534385833011,
    2.118805770661421,
    2.1060428475118744,
    2.0414029701500183,
    1.8926582913489858,
    1.9512392502681466,
    1.924742465186271,
    1.8798163635715557,
    1.7234509499968997,
    1.7245282781351903,
    1.6521391678767599,
    1.6599583868767804,
    1.6598174940248964,
    1.5509293219845766,
    1.5650643489922687,
    1.5568291677790842,
    1.5061733847970415,
    1.5213764002368708,
    1.4930582661537608,
    1.483020902818935,
    1.4743814111515214,
    1.4762199107249072,
    1.480691368792467,
    1.4996378763466125,
    1.4769977661454754,
    1.4976323960693019,
    1.4684960758610137,
    1.5074595926673549,
    1.485099065076014,
    1.4958509897730152,
    1.5526650665671962,
    1.5957985250813187,
    1.5815303086475203,
    1.5881800651550293,
    1.633943215297286,
    1.6368726093298311,
    1.7021495346810407,
    1.7231424010483323,
    1.706995907862475,
    1.7700211713268499,
    1.7725001140764565,
    1.7601920142295255,
    1.715789836683091,
    1.8093733164914854,
    1.8063009510374373,
    1.8527176961018021
  ],
  "val_acc": [
    0.2852,
    0.2894,
    0.3152,
    0.314,
    0.2978,
    0.3388,
    0.333,
    0.3498,
    0.3588,
    0.4018,
    0.3826,
    0.3622,
    0.3932,
    0.384,
    0.4162,
    0.4076,
    0.4162,
    0.4168,
    0.4336,
    0.4262,
    0.4594,
    0.4752,
    0.456,
    0.4612,
    0.486,
    0.4784,
    0.474,
    0.4706,
    0.4736,
    0.4776,
    0.4988,
    0.482,
    0.5172,
    0.4856,
    0.4892,
    0.4912,
    0.5224,
    0.5134,
    0.5304,
    0.5154,
    0.4856,
    0.482,
    0.4642,
    0.4876,
    0.486,
    0.485,
    0.477,
    0.4806,
    0.475,
    0.4856,
    0.516,
    0.5122,
    0.483,
    0.509
  ],
  "val_f1": [
    0.2827627472356763,
    0.2893902742805713,
    0.31501605264001975,
    0.311565179903159,
    0.29567614729718467,
    0.3342683759124363,
    0.3302939826981361,
    0.3478488234008684,
    0.3555267089827657,
    0.39975289842271466,
    0.3786664684717388,
    0.35673760014134975,
    0.38943197595118495,
    0.3760490647738963,
    0.40935704957729746,
    0.40222003687236063,
    0.4081426279820417,
    0.41055212898601134,
    0.42705254975817486,
    0.41946054612813183,
    0.4524988680122388,
    0.4687682019039029,
    0.45063979630299034,
    0.4538670478908182,
    0.4839427160005105,
    0.47576339668140866,
    0.469508269945275,
    0.46258313834211967,
    0.46737650141079357,
    0.4704983071046149,
    0.49282078167014715,
    0.4741908782537834,
    0.5112851339304154,
    0.478180493584987,
    0.4852148583069108,
    0.48669362084815226,
    0.5180854841619504,
    0.5084324154297895,
    0.5280631913215108,
    0.5117645838776033,
    0.478204091310612,
    0.4743670679198746,
    0.4517081507574326,
    0.48221884311915525,
    0.4780497375081115,
    0.47676300715401965,
    0.4691914560890297,
    0.47219826130709663,
    0.46443044137048906,
    0.47747116282313495,
    0.5134610145276519,
    0.5042675788332368,
    0.4727066854741443,
    0.5042717578054157
  ],