{
  "train_loss": [
    9.571017610615698,
    7.874492213643831,
    6.775673801323463,
    5.599220932763198,
    5.405451200748312,
    4.606837772911993,
    3.9277962779176647,
    3.617606510376108,
    3.372775332681064,
    3.200158645777867,
    2.8451380166514166,
    2.645575610728099,
    2.526771678184641,
    2.317032552587575,
    2.171824872082677,
    2.0500104928838794,
    1.8082794016805188,
    1.7124197217924841,
    1.6178819852656332,
    1.5089135039469292,
    1.4116771439026141,
    1.3162391078883204,
    1.2016085912441385,
    1.1630815747483023,
    1.0827634118754288,
    0.9806136973972979,
    0.9378871897685117,
    0.8633835402542147,
    0.812623223610993,
    0.7690864602553433,
    0.6719179904152607,
    0.6681097461231824,
    0.6068094133816916,
    0.5778494712607614,
    0.5693905229198521,
    0.5034887197716483,
    0.4797160583323446,
    0.4543436519030867,
    0.4304364739820875,
    0.4053732367425129,
    0.3953887448742472,
    0.39154579932319705,
    0.3776379091215545,
    0.35114589444008365,
    0.31956656223227237,
    0.3196375047852253,
    0.3114960573613644,
    0.3122624295025036,
    0.294031765568873,
    0.27908654382516596,
    0.2935868978757283,
    0.2640994471465719,
    0.2608195184376733,
    0.24828173225295955,
    0.24964989675530072,
    0.2393393272983617,
    0.2396324779966782,
    0.22916134996660825,
    0.22624390068753011,
    0.22398655550747082,
    0.21078203831767214,
    0.2021260207840081,
    0.19712805203322706,
    0.19765424199145415,
    0.2023059211928269,
    0.19746832084552995,
    0.18135120693979592,
    0.18886527547548557,
    0.18569691309641148,
    0.17913465268653014
  ],
  "train_acc": [
    0.24428879310344828,
    0.24558189655172413,
    0.2641163793103448,
    0.29375,
    0.28879310344827586,
    0.30614224137931034,
    0.3161637931034483,
    0.3264008620689655,
    0.34375,
    0.3618534482758621,
    0.3709051724137931,
    0.38663793103448274,
    0.39806034482758623,
    0.40926724137931036,
    0.4134698275862069,
    0.4334051724137931,
    0.44892241379310344,
    0.45711206896551726,
    0.46023706896551725,
    0.4676724137931034,
    0.47521551724137934,
    0.4868534482758621,
    0.4884698275862069,
    0.4949353448275862,
    0.5053879310344828,
    0.5143318965517242,
    0.5193965517241379,
    0.5264008620689655,
    0.5334051724137931,
    0.5285560344827587,
    0.5501077586206896,
    0.5508620689655173,
    0.5587284482758621,
    0.55625,
    0.5595905172413793,
    0.5676724137931034,
    0.5755387931034482,
    0.5803879310344827,
    0.5832974137931034,
    0.5876077586206897,
    0.5982758620689655,
    0.5964439655172413,
    0.6004310344827586,
    0.6092672413793103,
    0.6114224137931035,
    0.615625,
    0.6238146551724137,
    0.6273706896551724,
    0.6439655172413793,
    0.6393318965517242,
    0.6387931034482759,
    0.6540948275862069,
    0.6520474137931035,
    0.6618534482758621,
    0.6552801724137931,
    0.6689655172413793,
    0.6607758620689655,
    0.6704741379310345,
    0.6713362068965517,
    0.6715517241379311,
    0.680926724137931,
    0.6890086206896552,
    0.6931034482758621,
    0.6978448275862069,
    0.7043103448275863,
    0.7012931034482759,
    0.7087284482758621,
    0.7092672413793103,
    0.7117456896551724,
    0.7174568965517242
  ],
  "train_f1": [
    0.16112713169715254,
    0.16801461004199622,
    0.17426324721536068,
    0.19545339958586944,
    0.1919707493150983,
    0.2064469073211796,
    0.21564780549500343,
    0.225082536105193,
    0.24094461515549948,
    0.25412989790115886,
    0.25998761457229475,
    0.2823540692800738,
    0.2871777496752511,
    0.30260828969909326,
    0.31164334076164046,
    0.3244769612730537,
    0.355887767449369,
    0.35693371175579847,
    0.3739361715974849,
    0.3767470973396988,
    0.38900864317262734,
    0.4053303972175466,
    0.412443900361124,
    0.42035485735743067,
    0.4386115197751074,
    0.45769193242330414,
    0.44954740180277264,
    0.4729918156981654,
    0.49509276851455253,
    0.49446030117482065,
    0.5095416253216565,
    0.5324541154202712,
    0.5329740327080792,
    0.5313716251785585,
    0.5300172639661103,
    0.5623522394734878,
    0.5647405428091974,
    0.5769736714722999,
    0.5776445791821194,
    0.6017611796615852,
    0.6063527590944835,
    0.6026696919953067,
    0.6105277039044521,
    0.621076018657013,
    0.6428621735497264,
    0.633227700499841,
    0.6635286285039411,
    0.6465024298129501,
    0.6723875469429006,
    0.6714185622599488,
    0.6676967610368939,
    0.6908520038758694,
    0.6872314838170366,
    0.709811824842016,
    0.6934598599899137,
    0.7140599947561634,
    0.6984612918091567,
    0.7079549092592343,
    0.7151980264031648,
    0.7110801084513138,
    0.7372949271581319,
    0.7389252686814025,
    0.7401822831010944,
    0.7422985325984713,
    0.7521478933178414,
    0.7515207410356755,
    0.7550022344674175,
    0.7567914423334913,
    0.7517404622526932,
    0.7692550791573981
  ],
  "val_loss": [
    5.0684365151358435,
    4.4004800612809225,
    3.7631370884473205,
    3.4312339630283293,
    2.889319128677493,
    2.8998255700361533,
    2.5120538756495616,
    2.5645955429702507,
    2.368520969250163,
    2.1873736733295877,
    2.1695745792545256,
    2.005387962841597,
    1.9925920987715486,
    1.7600774281337612,
    1.814668654906945,
    1.607975884539182,
    1.514340468606011,
    1.5495230066971701,
    1.5858044834410558,
    1.4049550851837533,
    1.3786293019036777,
    1.2830631171093612,
    1.2396735925166333,
    1.3235096315868566,
    1.1274962224921241,
    1.158252143957576,
    1.0710402834610862,
    1.0924908489477438,
    1.0313633958824346,
    0.9911684293727405,
    0.9511152210294224,
    0.9265932765651922,
    0.9734520465135574,
    0.8847415391050402,
    0.8774440237244622,
    0.8321191802865169,
    0.8964973881107862,
    0.8809057806358963,
    0.8256784938886518,
    0.8687884182226463,
    0.9466060109314371,
    0.8929235541918239,
    0.8916956205837062,
    0.9000371298829063,
    0.8981889371500641,
    0.8788965661994746,
    0.8339983896642434,
    0.8626036420464516,
    0.9226376866219473,
    0.9183142927826428,
    0.9850036023093052,
    0.9530749971993634,
    1.006249971565653,
    0.9773406738140544,
    0.9769370703667891,
    0.9247868830551866,
    0.9627366930734916,
    1.056382718267011,
    1.0372241624310368,
    1.0188150243436704,
    1.1035713204106345,
    1.1789795233577978,
    1.180052715857498,
    1.1443228830323844,
    1.2213435671368584,
    1.0951060473186072,
    1.143858930248706,
    1.093227392459502,
    1.1288131918819224,
    1.1517228694235693
  ],