{
  "train_loss": [
    5.08126282404209,
    3.6762734150064404,
    2.952579608867908,
    2.5509873157945173,
    2.2190256967626767,
    2.119527616994134,
    2.02259077717518,
    2.0300510607916733,
    1.9442855411562425,
    1.8908695042133332,
    1.8678172436253777,
    1.8378931974542552,
    1.8244234440655545,
    1.791494568874096,
    1.750155128281692,
    1.7806989527981856,
    1.716579577224008,
    1.7360724654690973,
    1.7282614987472007,
    1.7124809002054149,
    1.6906301590903052,
    1.7058130897324661,
    1.6784726814977053,
    1.6618832471041844,
    1.6451666435291028,
    1.6400349656055713,
    1.6673524118702987,
    1.6527145219260249,
    1.6241405589827176,
    1.6579807530189383
  ],
  "train_acc": [
    0.25915948275862066,
    0.25495689655172415,
    0.2697198275862069,
    0.27359913793103446,
    0.25711206896551725,
    0.27359913793103446,
    0.2800646551724138,
    0.2786637931034483,
    0.2827586206896552,
    0.2826508620689655,
    0.27252155172413794,
    0.2820043103448276,
    0.2824353448275862,
    0.2795258620689655,
    0.2896551724137931,
    0.2830818965517241,
    0.29364224137931033,
    0.28771551724137934,
    0.29116379310344825,
    0.28825431034482757,
    0.30064655172413796,
    0.2920258620689655,
    0.2913793103448276,
    0.2975215517241379,
    0.28900862068965516,
    0.3007543103448276,
    0.2984913793103448,
    0.300323275862069,
    0.30452586206896554,
    0.28922413793103446
  ],
  "train_f1": [
    0.165159357179575,
    0.1689809917699236,
    0.17532824138368894,
    0.1798296166117895,
    0.17126939266392932,
    0.17754501605449602,
    0.17989362486123803,
    0.1838114220848723,
    0.18499181527650468,
    0.1852407967530389,
    0.17889232270273497,
    0.18820738015672664,
    0.1859050371338066,
    0.18678125152993205,
    0.18873121456617684,
    0.18413996135650526,
    0.19133802646655113,
    0.1853758771866182,
    0.1886995790339812,
    0.19214976488649402,
    0.19527658259200925,
    0.19321711448844542,
    0.19606034565782948,
    0.19970041951074377,
    0.19333516771729012,
    0.20353171596432143,
    0.1956334182765833,
    0.20119536676927946,
    0.20205484833916962,
    0.19240053024980458
  ],
  "val_loss": [
    2.9517930472483402,
    2.8373149330498744,
    3.6303907232206374,
    2.658108988746268,
    1.85507740153641,
    2.743720588136892,
    3.3125384010252406,
    1.8740849240881499,
    2.5277074125946544,
    2.033939709428881,
    1.8169294927940993,
    1.6846321176310055,
    1.73606602090304,
    1.9655760174891987,
    3.273213128574559,
    4.111444219214017,
    2.4526252238476864,
    2.1565897308412145,
    3.8386921706746837,
    1.7605897559494268,
    2.751183333944102,
    1.6101752675947596,
    2.5216488310548124,
    1.7449663428009534,
    2.3935865378770673,
    2.0871463974968334,
    2.4660483403284044,
    2.2718798098016957,
    1.8611711634964239,
    2.0702165873324283
  ],
  "val_acc": [
    0.19845360824742267,
    0.27010309278350514,
    0.23350515463917526,
    0.2639175257731959,
    0.2572164948453608,
    0.2597938144329897,
    0.2685567010309278,
    0.256701030927835,
    0.26597938144329897,
    0.24793814432989691,
    0.2603092783505155,
    0.24845360824742269,
    0.26958762886597937,
    0.2757731958762887,
    0.27164948453608245,
    0.26958762886597937,
    0.2737113402061856,
    0.27164948453608245,
    0.26649484536082474,
    0.29381443298969073,
    0.2752577319587629,
    0.2829896907216495,
    0.284020618556701,
    0.29690721649484536,
    0.28556701030927834,
    0.28969072164948456,
    0.29381443298969073,
    0.277319587628866,
    0.28195876288659794,
    0.2881443298969072
  ],
  "val_f1": [
    0.14888413202334944,
    0.17130839445667018,
    0.16341867976559946,
    0.18657259823236988,
    0.18074267025133556,
    0.17252005823403252,
    0.1824332697907049,
    0.1786652860076018,
    0.1786505062370516,
    0.17838567106580885,
    0.18958865394320626,
    0.17086798021449942,
    0.18923587128463598,
    0.19271104891159124,
    0.1838705585721759,
    0.19072102953494577,
    0.19331906541407148,
    0.1924926761505806,
    0.20183032996050548,
    0.20294047853366576,
    0.19612097954973545,
    0.2102290034914632,
    0.21581411979987153,
    0.210405806418252,
    0.20556365049786338,
    0.20460808598676059,
    0.21526639650467483,
    0.19924327415823623,
    0.20022626084869494,
    0.21252044017970229
  ],
  "lr": [
    9.972883382072954e-05,
    9.891830623632339e-05,
    9.757729755661011e-05,
    9.572050015330873e-05,
    9.336825748732972e-05,
    9.964516155915152e-06,
    9.858624225078841e-06,
    9.683994186497132e-06,
    9.443380060197387e-06,
    9.140576474687265e-06,
    8.780358823396354e-06,
    8.368407953869105e-06,
    7.911220577405485e-06,
    7.416006812042827e-06,
    6.890576474687264e-06,
    6.343215915635762e-06,
    5.7825573378819104e-06,
    5.21744266211809e-06,
    4.65678408436424e-06,
    4.109423525312739e-06,
    3.5839931879571733e-06,
    3.0887794225945147e-06,
    2.6315920461308967e-06,
    2.2196411766036492e-06,
    1.859423525312737e-06,
    1.556619939802614e-06,
    1.316005813502869e-06,
    1.1413757749211606e-06,
    1.03548384408485e-06,
    1e-06
  ]
}