{
  "train_loss": [
    10.09222886973414,
    7.887656769259222,
    6.766877457191204,
    5.652539448902525,
    5.009233638746985,
    4.451312246815911,
    4.049701338800891,
    3.6317709260973436,
    3.2849398797956004,
    3.0185672981985685,
    2.7751700043678285,
    2.606917698424438,
    2.3344854385688385,
    2.2253142833709716,
    2.039682264266343,
    1.849213836521938,
    1.7853266126122969,
    1.704860189146009,
    1.5832446589552123,
    1.4881743003582133,
    1.3814588014421791,
    1.3651673473160841,
    1.2461603816213278,
    1.2232684710930133,
    1.1209794029079634,
    1.092641344974781,
    1.0359556234088438,
    0.9660960038160455,
    0.957965867324122,
    0.8719498424694456,
    0.903541375028676,
    0.8603292138412081,
    0.8123643538047527,
    0.7824368363310551,
    0.7514038176372133,
    0.7093443588450037,
    0.7180424377322197,
    0.6614778972391424,
    0.6480104988248184,
    0.6409982250682239,
    0.6102771266267217,
    0.597374233192411,
    0.5646185936085109,
    0.5540957996043666,
    0.5665734220938435,
    0.5201331062820451,
    0.5094815841779626,
    0.5068499861349319,
    0.4848782158617316,
    0.48322737160427814,
    0.4599965292318114,
    0.43142089505904707,
    0.4273881116560821,
    0.407204338497129,
    0.3874617107726377,
    0.3904454831676237,
    0.37437403318953927,
    0.3766913886727958,
    0.3489754464605759,
    0.32122422066228146,
    0.31235923212150046,
    0.30873613592622606,
    0.29945891794973406,
    0.2814881549698525,
    0.253935133524496,
    0.25270491930302874,
    0.25045099999627163,
    0.2303040219663546,
    0.2165756486613175,
    0.2077437668268023,
    0.21328323569534155,
    0.18810099808113842,
    0.17624217007823031,
    0.1552772680747098,
    0.17057314558147357
  ],
  "train_acc": [
    0.2633620689655172,
    0.2821120689655172,
    0.29288793103448274,
    0.3129310344827586,
    0.3258620689655172,
    0.3396551724137931,
    0.33976293103448274,
    0.36142241379310347,
    0.3768318965517241,
    0.387176724137931,
    0.39525862068965517,
    0.41271551724137934,
    0.4234913793103448,
    0.42866379310344827,
    0.4476293103448276,
    0.459375,
    0.46336206896551724,
    0.4788793103448276,
    0.4740301724137931,
    0.4898706896551724,
    0.5077586206896552,
    0.5113146551724138,
    0.5207974137931034,
    0.5315732758620689,
    0.5471982758620689,
    0.5585129310344827,
    0.5679956896551724,
    0.5732758620689655,
    0.5820043103448276,
    0.5990301724137931,
    0.6007543103448276,
    0.6104525862068966,
    0.6285560344827587,
    0.6328663793103448,
    0.6501077586206897,
    0.6532327586206896,
    0.6617456896551724,
    0.6797413793103448,
    0.681573275862069,
    0.6900862068965518,
    0.6910560344827587,
    0.6978448275862069,
    0.7112068965517241,
    0.7106681034482759,
    0.7214439655172413,
    0.7328663793103448,
    0.7331896551724137,
    0.7376077586206896,
    0.7484913793103448,
    0.7504310344827586,
    0.7615301724137931,
    0.7675646551724138,
    0.7733836206896552,
    0.7826508620689655,
    0.7955818965517242,
    0.796228448275862,
    0.8050646551724138,
    0.8023706896551724,
    0.8139008620689655,
    0.8243534482758621,
    0.834051724137931,
    0.8358836206896552,
    0.8386853448275862,
    0.8463362068965518,
    0.8553879310344827,
    0.8632543103448276,
    0.8657327586206897,
    0.878125,
    0.8802801724137931,
    0.8863146551724138,
    0.8864224137931035,
    0.8946120689655173,
    0.903125,
    0.9092672413793104,
    0.9091594827586207
  ],
  "train_f1": [
    0.1648542843757135,
    0.1823138309622831,
    0.18664235455824552,
    0.19991796103208323,
    0.21023181036185679,
    0.2198418665667627,
    0.22186532284881028,
    0.24531529665277835,
    0.2569728988119649,
    0.26963707570184414,
    0.27532890844941726,
    0.30349180844179063,
    0.31687185017828334,
    0.3232724119080187,
    0.34716002943737045,
    0.372439419466687,
    0.3732724109713731,
    0.38544046405213833,
    0.4010151755477932,
    0.40996212974863616,
    0.443403186051521,
    0.44526786023366505,
    0.459463219648294,
    0.4784914376752819,
    0.4889757804953496,
    0.5025295673582453,
    0.5204410029909468,
    0.5410990481933722,
    0.5449815264611013,
    0.5782805567265243,
    0.5654128625955527,
    0.5822695494569847,
    0.6025204118331275,
    0.6252051878277988,
    0.6468944344285308,
    0.6472519156534609,
    0.6644536740186063,
    0.6799675696679511,
    0.6860516463957328,
    0.6986899458109319,
    0.6996545614275236,
    0.7066531105679509,
    0.7271181781326757,
    0.7300380824260619,
    0.7286057758112767,
    0.7481925567033327,
    0.7544602452619166,
    0.7539509424835258,
    0.7786712343805983,
    0.7651202464249562,
    0.7748518445428447,
    0.7913483238818944,
    0.7942138586560008,
    0.799230350610915,
    0.8188213899153848,
    0.8198617063795022,
    0.8161535214516478,
    0.8204625694979871,
    0.833517537747116,
    0.8458523830285467,
    0.8453142443031162,
    0.8535736388688745,
    0.8579501794212968,
    0.864499236041597,
    0.8704889577346154,
    0.8786098166952113,
    0.8716134631918457,
    0.8858821737144063,
    0.8845571794142171,
    0.8975665373142899,
    0.8866464697185256,
    0.9015381745564204,
    0.908849769328514,
    0.9152883717258119,
    0.9156906204390335
  ],
  "val_loss": [
    4.935032910987979,
    3.8908602839610618,
    3.3633416265737814,
    2.9938369422662454,
    2.7032610783811477,
    2.522151408625431,
    2.473031663503803,
    2.2523162599469795,
    2.127426940886701,
    2.054802150022788,
    1.9993766770988215,
    1.8635710047893836,
    1.756151412354141,
    1.7659564184360816,
    1.6885957893778065,
    1.6451475805923588,
    1.613815535287388,
    1.5093359561240087,
    1.49581059178368,
    1.4369657616146276,
    1.3845897224105772,
    1.3405033159451407,
    1.2993647099518386,
    1.2458376273757121,
    1.2640397597531803,
    1.221318889836796,
    1.2312477421565133,
    1.2161585537136579,
    1.2098844466639347,
    1.1992975414776412,
    1.1990059623952771,
    1.227068092490806,
    1.2635083462371202,
    1.252018164171547,
    1.2481737762201028,
    1.2384983012910749,
    1.2610717777346,
    1.259105723656592,
    1.236269893216305,
    1.2558252813874697,
    1.2054291797465966,
    1.2739790790393704,
    1.2555461098424723,
    1.2279487296206053,
    1.2084702937329401,
    1.2554092622194133,
    1.2925159787056877,
    1.285376711947019,
    1.3125781675831216,
    1.3185390260864476,
    1.344725164966505,
    1.3921727589407906,
    1.3878805234295424,
    1.4544934637722422,
    1.465616304366315,
    1.4319412864622523,
    1.430415892943007,
    1.5271770546182257,
    1.5520795989231986,
    1.6257241661431359,
    1.6028624939136817,
    1.6220444409085102,
    1.631931542861657,
    1.7445127209190463,
    1.7645736006928272,
    1.815302222478585,
    1.9128860469724311,
    1.8286545476952538,
    2.004945302595858,
    2.0186034870929404,
    1.985670725341703,
    2.1360820184965603,
    2.0633154882759346,
    2.202542276167479,
    2.2175274244585976
  ],