{
  "train_loss": [
    9.685291178473111,
    7.8309844349992686,
    6.324197548011254,
    5.362856848075472,
    4.799350100550158,
    4.332645890836058,
    3.588255683512523,
    3.234233384502345,
    3.1275522852766104,
    2.7882201441403094,
    2.5505207419395446,
    2.4352514479694696,
    2.2604221707788006,
    2.09380367521582,
    2.0428584261187193,
    1.8841526156869428,
    1.868335100289049,
    1.7318047696146472,
    1.6546967087120845,
    1.638458965050763,
    1.6124529403859171,
    1.484922086164869,
    1.4465575610769206,
    1.43219024991167,
    1.4201280500354438,
    1.3958640578491934,
    1.3789813771330077,
    1.382495845802899,
    1.3301878822260889,
    1.3460813368702758
  ],
  "train_acc": [
    0.25991379310344825,
    0.2796336206896552,
    0.2988146551724138,
    0.30969827586206894,
    0.3161637931034483,
    0.3442887931034483,
    0.3610991379310345,
    0.36864224137931034,
    0.3716594827586207,
    0.38135775862068966,
    0.41271551724137934,
    0.4203663793103448,
    0.4230603448275862,
    0.440948275862069,
    0.4377155172413793,
    0.44730603448275863,
    0.4508620689655172,
    0.4654094827586207,
    0.4695043103448276,
    0.47575431034482757,
    0.4693965517241379,
    0.484698275862069,
    0.4896551724137931,
    0.49148706896551725,
    0.5003232758620689,
    0.5004310344827586,
    0.5042025862068965,
    0.49601293103448274,
    0.5100215517241379,
    0.5140086206896551
  ],
  "train_f1": [
    0.16943436893379946,
    0.1801002534507178,
    0.19763326488231217,
    0.20626689392930064,
    0.20747724659824046,
    0.22243240731826303,
    0.24538270574339255,
    0.2593281015545664,
    0.2652247584605315,
    0.27931929711322384,
    0.30121836195537505,
    0.31571260350946984,
    0.32635961725081963,
    0.33921632762696935,
    0.33957815741074987,
    0.35265786608039523,
    0.36301273608120227,
    0.378200478419321,
    0.3869198410499378,
    0.4001531609162473,
    0.39384367330669834,
    0.41710655743933067,
    0.4145295272689796,
    0.4153625862605931,
    0.4314428799263288,
    0.4378033684381551,
    0.4355420198863046,
    0.43835187203600867,
    0.44191688144255625,
    0.4456300499651934
  ],
  "val_loss": [
    4.931622260906657,
    4.031564186830989,
    3.521465821344344,
    3.0021872911296907,
    2.6406883196752577,
    2.4006152201871402,
    2.301654879186974,
    2.160191229132355,
    2.0619047303668787,
    1.9825293685569139,
    1.8843877393691266,
    1.7761179570291863,
    1.6725250096594702,
    1.603144269497668,
    1.545911205596611,
    1.532196384961488,
    1.452456895445214,
    1.4631488948571878,
    1.407353443200471,
    1.4024745177050106,
    1.3737558448900942,
    1.369612744597138,
    1.3302714634137076,
    1.3431357980751601,
    1.4305497061033718,
    1.3371562987077432,
    1.3294211718879763,
    1.3467936100529843,
    1.28919703354601,
    1.3781921795157135
  ],
  "val_acc": [
    0.338659793814433,
    0.338659793814433,
    0.3958762886597938,
    0.37371134020618557,
    0.37010309278350517,
    0.39690721649484534,
    0.3907216494845361,
    0.4154639175257732,
    0.43195876288659796,
    0.438659793814433,
    0.4639175257731959,
    0.4541237113402062,
    0.46030927835051544,
    0.45979381443298967,
    0.4670103092783505,
    0.4711340206185567,
    0.472680412371134,
    0.47164948453608246,
    0.4927835051546392,
    0.4762886597938144,
    0.5036082474226804,
    0.5123711340206185,
    0.4979381443298969,
    0.5103092783505154,
    0.49587628865979383,
    0.5015463917525773,
    0.5010309278350515,
    0.5118556701030927,
    0.5170103092783506,
    0.5
  ],
  "val_f1": [
    0.20504711777087858,
    0.20757561762935056,
    0.22541929562846758,
    0.22471764123947455,
    0.2304741713463252,
    0.2514468194669973,
    0.24984916189249592,
    0.2602098199074904,
    0.27317802632713156,
    0.3015220822968748,
    0.30116559652046315,
    0.2989049070243692,
    0.3082298989740441,
    0.303853530968446,
    0.33211750484709346,
    0.32331880317670136,
    0.3253715967572627,
    0.3232330309511517,
    0.32859678490630023,
    0.3248607415480378,
    0.3596139771543174,
    0.3471508214158322,
    0.3460242444267313,
    0.35547170873716977,
    0.3410812412462085,
    0.34923926982148085,
    0.3494035436954405,
    0.36642814991127787,
    0.3654454291750661,
    0.35474236135222403
  ],
  "lr": [
    9.972883382072954e-05,
    9.891830623632339e-05,
    9.757729755661011e-05,
    9.572050015330873e-05,
    9.336825748732972e-05,
    9.964516155915152e-06,
    9.858624225078841e-06,
    9.683994186497132e-06,
    9.443380060197387e-06,
    9.140576474687265e-06,
    8.780358823396354e-06,
    8.368407953869105e-06,
    7.911220577405485e-06,
    7.416006812042827e-06,
    6.890576474687264e-06,
    6.343215915635762e-06,
    5.7825573378819104e-06,
    5.21744266211809e-06,
    4.65678408436424e-06,
    4.109423525312739e-06,
    3.5839931879571733e-06,
    3.0887794225945147e-06,
    2.6315920461308967e-06,
    2.2196411766036492e-06,
    1.859423525312737e-06,
    1.556619939802614e-06,
    1.316005813502869e-06,
    1.1413757749211606e-06,
    1.03548384408485e-06,
    1e-06
  ]
}