{
  "train_loss": [
    10.080102084422933,
    8.224994729716203
  ],
  "train_acc": [
    0.26163793103448274,
    0.2816810344827586
  ],
  "train_f1": [
    0.1653305265795324,
    0.18009177177838112
  ],
  "val_loss": [
    5.017342360293279,
    4.606141610223739
  ],
  "val_acc": [
    0.29536082474226805,
    0.2675257731958763
  ],
  "val_f1": [
    0.1799981500479962,
    0.1772585253593139
  ],
  "lr": [
    5.05e-05,
    1e-06
  ]
}